key;value
jahr_abr;2018
jahr_ik;2016
jahr_beginn;1997
jahr_demo;1971
inp_path;O:/MASS/09_mathprod/01_fh/test/container_tools/inputs/inp/
path_ofs_dwh;O:/MASS/09_mathprod/01_fh/test/05_data/ofs_dwh/
name_espop;espop.Rdata
name_statpop;statpop2017.Rdata
lastyear_statpop;2017
name_scenario_pop;scenario2015_pop.RData
name_scenario_ept;scenario2015_ept.RData
name_emigration_statpop;statpop2017_emigration.RData
path_SASData;O:/MASS/09_mathprod/01_fh/test/05_data/
path_bevdata;pop/
file_bevdata;data
file_eptdata;dataEPT
file_statpop2016;px-x-0102010000_101_tidy.xlsx
file_statpop2017_prov;px-x-0102020000_202_tidy.xlsx
path_emigration_data;pop/
file_emigration;data_emigration
path_emigration_alt_szenario;O:/MASS/94_mass_db_prod/_von_05_mass_db/01_pop/02_szenario/
file_emigration_alt_szenario;pop_emigration_A_00_2010.xlsx
path_ausl_benchmark_daten;O:/MASS/09_mathprod/01_fh/test/05_data/aulandsmodell_benchmark_daten/
file_sm;B-SM.xls
path_af;O:/MASS/09_mathprod/01_fh/test/05_data/2017_09_21_assurance_facultative/
file_af;assures_facultatifs.xlsx
path_front;O:/MASS/09_mathprod/01_fh/test/05_data/frontaliers/
file_front1;frontaliers_sans_domicile.xlsx
file_front2;frontaliers_ofs.xlsx
path_scenario;scenario/
scenario_file;frontaliers_scenarios_ofs.xlsx
path_indices;O:/MASS/09_mathprod/01_fh/test/05_data/
file_indices;indices.xlsx
sheet_indices;indices
path_eckwerte;O:/MASS/09_mathprod/01_fh/test/05_data/
file_eckwerte;eckwerte.xlsx
sheet_eckwerte;eckwerte
path_minimalrente;O:/MASS/09_mathprod/01_fh/test/05_data/
file_minimalrente;minimalrente.xlsx
sheet_minimalrente;minimalrente
path_estv;O:/MASS/09_mathprod/01_fh/test/05_data/
file_estv;estv.xlsx
sheet_estv;estv
path_to_structure;O:/MASS/07_analysen/06_ahvik/02_ikahv_math/ik_output_ahviveo
aggregation;ahviveo_haupt
file_source;csv
path_ahv_abrechnung;P:/Projekte/MASS_db/00_sv/01_ahv/
file_ahv_abrechnung_m;sv_ahv_m.xlsx
file_ahv_abrechnung_fin;sv_ahv_fin.xlsx
sheet_ahv_abrechnung_def;daten
sheet_ahv_abrechnung_prov;daten_prov
path_iv_abrechnung;P:/Projekte/MASS_db/00_sv/02_iv/
file_iv_abrechnung_m;sv_iv_m.xlsx
file_iv_abrechnung_fin;sv_iv_fin.xlsx
sheet_iv_abrechnung_def;daten
sheet_iv_abrechnung_prov;daten_prov
path_eo_abrechnung;P:/Projekte/MASS_db/00_sv/04_eo/
file_eo_abrechnung_m;sv_eo_m.xlsx
file_eo_abrechnung_fin;sv_eo_fin.xlsx
sheet_eo_abrechnung_def;daten
sheet_eo_abrechnung_prov;daten_prov
path_avs_rr;O:/MASS/09_mathprod/01_fh/test/05_data/registre_rentes
path_mortalite;O:/MASS/94_mass_db_prod/_von_05_mass_db/01_pop/01_stwbev/
file_mortalite;pop_ofs_mortalite.xlsx
path_ant_ajo_flex;O:/MASS/09_mathprod/01_fh/test/05_data/
file_ant_ajo_flex;ant_ajo_flex.xlsx
path_indices_productivite;O:/MASS/09_mathprod/01_fh/test/05_data/productivite/
file_indices_productivite;indices_productivite.xlsx
path_ausgleichav20;O:/MASS/09_mathprod/01_fh/test/05_data
file_ausgleichav20;AHV_AV2020_MASSN.csv
sheet_ausgleichav20;massnahmen
path_rentes_min_skala;O:/MASS/09_mathprod/01_fh/test/05_data/
file_rentes_min_skala;rentes_min_skala.xlsx
sheet_rentes_min_skala;tabelle
path_lohn_index;P:/Projekte/MASS_db/03_arbeit/02_lohn/
file_lohn_index;arbeit_lohn_index.xlsx
sheet_lohn_index;daten
path_cs;O:/MASS/09_mathprod/01_fh/test/05_data/03_arbeit/02_lohn/
file_cs;anciennes_cs.xlsx
path_aufwfakt_full;O:/MASS/09_mathprod/01_fh/test/05_data/
file_aufwfakt_full;aufwfakt_full.xlsx
path_bas_moyens_rev_femmes;O:/MASS/09_mathprod/01_fh/test/05_data/bas_moyens_revenus/
path_basmoyrev_hf;O:/MASS/09_mathprod/01_fh/test/05_data/bas_moyens_revenus/basmoyrev_hf
path_hautsrev_hf;O:/MASS/09_mathprod/01_fh/test/05_data/bas_moyens_revenus/hautsrev_hf
path_rr_rentenpolygon;O:/MASS/09_mathprod/01_fh/test/05_data/bas_moyens_revenus/rentenpolygon
path_iv_data;O:/MASS/09_mathprod/01_fh/test/05_data/
file_iv_data;ivschuld_2018.xlsx
sheet_iv_data;dataiv
file_rente_max65;O:/MASS/09_mathprod/01_fh/test/05_data/ci_rr_cotisation/rente_max65_2.rds
file_ci_max65;O:/MASS/09_mathprod/01_fh/test/05_data/ci_rr_cotisation/ci_max65_2.rds
path_ahv_benchmark;O:/MASS/09_mathprod/01_fh/test/05_data/
file_ahv_benchmark;ahv_fh2017_benchmark.xlsx
sheet_ahv_benchmark;ahv_fh2017_benchmark
