key;value
flag_param_massn;FALSE
vz;ahv
vz_iv;FALSE
vz_eo;FALSE
popu_suisse;TRUE
emigres;TRUE
assures_facultatifs;TRUE
frontaliers;TRUE
saisonniers;TRUE
bev_nurCH;FALSE
jahr_bev_base;2018
jahr_ende;2065
jahr_bev;2017
jahr_beginn;1997
jahr_demo;1971
max_age;99
min_age;0
id_eckwerte;VA20004
pi_eckwerte;1
jahr_abr;2018
abr_prov;FALSE
jahr_rr;2018
minrente_rd;5
gew_pi_comp;1
gew_li_comp;1
param_chi_carre_prod;FALSE
degrees_of_freedom;3
min_age_retraite;62
max_age_retraite;70
a;1.0
b;0.01
c;-0.00035
koef_popkorr_a;0.00748
koef_popkorr_b;0.0089
koef_popkorr_c;-0.0000015
jahr_lj;2019
diskontierung;TRUE
ra_f_2005;64
ra_m;65
param_rr_avs;TRUE
max_annees_ajo;5
dom_ch;FALSE
justierung;0
jahr_beginn_hoergeraete;2018
effekt_jahr_beginn_hoergeraete;0.5
effekt_zukunft_hoergeraete;1
jahr_im_abrechnung_hoergeraete;2020
start_wert_hoergeraete;9000000
flag_hoergeraete;TRUE
jahr_ik;2016
version_estv;3
regress_szenario;0
nombre_beneficiaires;2607471
nombre_nouveaux_rentiers;149631
nombre_beneficiaires_m;1128222
nombre_beneficiaires_f;1479249
nombre_nouveaux_rentiers_m;70440
nombre_nouveaux_rentiers_f;79191
sprache;d
jahr_lastoutput;2045
bev_szenario_neu;A_00_2015
bev_szenario_alt;A_17_2010
bev_szenario_ept_neu;A_00_2015
bev_szenario_ept_alt;A_17_2010
bev_ept;FALSE
ept_ept;TRUE
anteil_ahv_mwst_zas;0.83
anteil_ahv_mwst_go;0.83
anteil_bund_go;0.1955
btr_satz_go;8.3
fluessigemittel;0.07
vors_monat;0.5416667
nachs_monat;0.4583333
nachs_quartal;0.375
file_ahvoutput;FH_AHV.xlsx
real_a_zins;2
real_p_zins;0.5
korr_zins;0.5
kap_zins;1
com_zins;0.5
