key;value
dli_3quartal_2017;0.004
li_3quartal_2017;2396
rententab_mr_alt;1175
rententab_mr;1185
rententab_stufe;36
rententab_fest1;0.74
rententab_variabel1;0.021666667
rententab_fest2;1.04
rententab_variabel2;0.013333333
a_rvieillesse_inval;1
a_rvieillesse_inval_veuvage;1.2
a_rsurvivants_veuvage;0.8
rsurvivants_complementaire;0.3
rsurvivants_enfant_orphelins;0.4
r_orphelins_60;0.6
a_inval_couple;1.5
scenario_reforme_value;geltende_ordnung
api_avs_faible;0.2
api_avs_moyen;0.5
api_avs_grave;0.8
api_ai_faible;0.2
api_ai_moyen;0.5
api_ai_grave;0.8
api_ai_home_faible;0.2
api_ai_home_moyen;0.5
api_ai_home_grave;0.8
api_ai_dom_faible;0.2
api_ai_dom_moyen;0.5
api_ai_dom_grave;0.8
api_ai_soins_intenses_faible;0.2
api_ai_soins_intenses_moyen;0.4
api_ai_soins_intenses_grave;0.6
api_avs_fact;1
api_ai_fact;2
api_ai_home_fact;0.5
api_ai_dom_fact;2
api_ai_soins_intenses_fact;2
complement_avant25;1.333
nbre_enf_limite;3
max_rente_non_plaf;1.5
nombre_max_annees_cot;44
age_debut_cot;21
premiere_annee_naissance;1927
timespan;5
echelle_changement_ant_1an;22
echelle_changement1_ant_2an;11
echelle_changement2_ant_2an;32
base_salaire_1979;1004
base_prix_1979;104.1
fact_pond_moy_li;1.1
dpimyr_rentemin;1
