key;value
aktivierte_vormassnahmen;ahv21_rampe, ahv21_eprc
aktivierte_massnahmen;ahv21_6565, ahv21_3vorbjahr, ahv21_kuerz_bei_vbz, ahv21_zuschlag_bei_aufsch, ahv21_rentenverbesserung
aktivierte_massnahmen_zusatzfin;ahv21_zusatz_mwst_stafasgo
aktivierte_massnahmen_entflechtung_mwst;""
aktivierte_massnahmen_ausgleich;ahv21_ausgl_krz_guillotine, ahv21_ausgl_rentenpolygon_krz
aktivierte_massnahmen_bundesbeitr;veraenderung_bund_reform_stafasgo
aktivierte_massnahmen_entflechtung_bund;""
aktivierte_fragen;el_rs_skalen_1_9,ahv21_anzahl_eprc, ahv21_mwst_pt, ahv21_1lohnprozent, ahv21_beitraege_nach_65
