key;value
reform_ahv;TRUE
guillotine_hommes_femmes;FALSE
guillotine_femmes_uniquement;TRUE
befrist_beginn_ausgleichsmassn_guillotine;2023
befrist_ende_ausgleichsmassn_guillotine;2031
guillotine;56400
m_ahv_ausgleichsmassn_guillotine_beginn;2023
max_annees_anticip_ausgleichsmassn_guillotine;3
m_ahv_ausgleichsmassn_guillotine_vb_qte;10
m_ahv_ausgleichsmassn_guillotine_vb_qte_fakt_3vb_basrev;1.2
m_ahv_ausgleichsmassn_guillotine_vb_qte_fakt_1vb_basrev;1.2
m_ahv_ausgleichsmassn_guillotine_vb_qte_fakt_1vb_hauts_rev;1.1
m_ahv_ausgleichsmassn_en_dessous_guillotine_taux_red_ajuste_j3_vbz_m;-0.03
m_ahv_ausgleichsmassn_en_dessous_guillotine_taux_red_ajuste_j2_vbz_m;-0.02
m_ahv_ausgleichsmassn_en_dessous_guillotine_taux_red_ajuste_j1_vbz_m;0
m_ahv_ausgleichsmassn_en_dessous_guillotine_taux_red_ajuste_j3_vbz_f;-0.05
m_ahv_ausgleichsmassn_en_dessous_guillotine_taux_red_ajuste_j2_vbz_f;-0.035
m_ahv_ausgleichsmassn_en_dessous_guillotine_taux_red_ajuste_j1_vbz_f;0
m_ahv_ausgleichsmassn_en_dessus_guillotine_taux_red_ajuste_j3_vbz_f;-0.068
m_ahv_ausgleichsmassn_en_dessus_guillotine_taux_red_ajuste_j2_vbz_f;-0.04
m_ahv_ausgleichsmassn_en_dessus_guillotine_taux_red_ajuste_j1_vbz_f;-0.02
annee_transition;2022
facteur_corr_vbz_quote_ageret62_basmoyrev_f;1.764674043
facteur_corr_vbz_quote_ageret63_basmoyrev_f;2.695464582
facteur_corr_vbz_quote_ageret63_basmoyrev_m;1
facteur_corr_vbz_quote_ageret64_basmoyrev_m;2
facteur_corr_vbz_quote_ageret62_hautrev_f;4.759945513
facteur_corr_vbz_quote_ageret63_hautrev_f;4.724241014
facteur_corr_vbz_quote_ageret63_hautrev_m;0.5
facteur_corr_vbz_quote_ageret64_hautrev_m;1.5
m_65_65_on;FALSE
m_65_65_variante;VAR2
m_65_65_jahr_beginn;2023
m_65_65_alter_shift;63
m_65_65_monat_rampe;3
m_drittes_vb_jahr_on;FALSE
m_drittes_vb_jahr_variante;VAR1
m_drittes_vb_jahr_jahr_beginn;2023
m_drittes_vb_jahr_monat_rampe;1
m_drittes_vb_jahr_monat_rampe_f;3
m_ausgleichsmassnahmen_on;FALSE
m_ausgleichsmassnahmen_variante;VAR1
m_ausgleichsmassnahmen_beginn;2023
m_ausgleichsmassnahmen_vbz_quote1;6.75
m_ausgleichsmassnahmen_vbz_quote2;6.75
m_ausgleichsmassnahmen_vbz_quote3;11.75
ra_f_t;65
max_annees_anticip_t;3
scenario_reforme_value;geltende_ordnung
m_drittes_vb_jahr_vbz_quote_m;6
m_drittes_vb_jahr_vbz_quote_f;18
taux_ant_1_t;-0.04
taux_ant_3_t;-0.111
