key;value
reform_ahv;TRUE
m_65_65_on;FALSE
m_65_65_variante;VAR2
m_65_65_jahr_beginn;2023
m_65_65_alter_shift;63
m_65_65_monat_rampe;3
m_drittes_vb_jahr_on;FALSE
m_drittes_vb_jahr_variante;VAR1
m_drittes_vb_jahr_jahr_beginn;2022
m_drittes_vb_jahr_monat_rampe;1
m_drittes_vb_jahr_monat_rampe_f;3
m_drittes_vb_jahr;TRUE
m_drittes_vb_jahr_jahr_beginn_m;2022
m_drittes_vb_jahr_jahr_beginn_f;2023
taux_ant_3_t;-0.111
taux_ant_1_t;-0.04
m_drittes_vb_jahr_vbz_quote_m;6
m_drittes_vb_jahr_vbz_quote_f;18
m_ausgleichsmassnahmen_on;FALSE
m_ausgleichsmassnahmen_variante;VAR1
m_ausgleichsmassnahmen_beginn;2023
m_ausgleichsmassnahmen_vbz_quote1;6.75
m_ausgleichsmassnahmen_vbz_quote2;6.75
m_ausgleichsmassnahmen_vbz_quote3;11.75
befrist_ende_ausgleichsmassn_guillotine;2030
ra_f_t;65
max_annees_anticip_t;3
